algorithm,searchClocks
Annoy-trees-5,148.72709300000002
Annoy-trees-10,142.29522200000008
Annoy-trees-20,136.72813499999995
Annoy-trees-40,136.52233300000012
