	algorithm	avgDistance	constructionTime	recall	searchTime
0	HNSW	240.08163452148438	2725.53125	0.638629	2.203125
