algorithm,constructionTime,searchTime,recall,avgDistance,constructionClocks,searchClocks
lsh-l15k4t15,132.35443319600017,44.897428288000356,0.545379,0,132.35552400000006,44.897551999999905
lsh-l15k4t30,132.35443319600017,68.64059043299994,0.667921,0,132.35552400000006,68.64063100000021
lsh-l15k4t45,132.35443319600017,86.93474398299986,0.73616,0,132.35552400000006,86.93478600000026
lsh-l15k4t75,132.35443319600017,114.13957386999982,0.81246,0,132.35552400000006,114.13962100000026
